{"stats":{"minecraft:picked_up":{"minecraft:porkchop":2,"minecraft:oak_log":5,"minecraft:coal":2,"minecraft:cobblestone":6},"minecraft:used":{"minecraft:crafting_table":1,"minecraft:stone_pickaxe":3,"minecraft:wooden_pickaxe":5},"minecraft:killed":{"minecraft:pig":1},"minecraft:crafted":{"minecraft:oak_planks":20,"minecraft:torch":4,"minecraft:crafting_table":1,"minecraft:stick":8,"minecraft:wooden_pickaxe":1,"minecraft:stone_pickaxe":1},"minecraft:custom":{"minecraft:time_since_rest":4573,"minecraft:play_time":4573,"minecraft:sprint_one_cm":10923,"minecraft:walk_one_cm":7059,"minecraft:sneak_time":88,"minecraft:walk_under_water_one_cm":861,"minecraft:mob_kills":1,"minecraft:jump":114,"minecraft:damage_dealt":100,"minecraft:leave_game":1,"minecraft:walk_on_water_one_cm":2480,"minecraft:time_since_death":4573,"minecraft:total_world_time":4573,"minecraft:swim_one_cm":1637,"minecraft:interact_with_crafting_table":2,"minecraft:fall_one_cm":2417,"minecraft:fly_one_cm":19923},"minecraft:mined":{"minecraft:grass":3,"minecraft:coal_ore":2,"minecraft:oak_log":5,"minecraft:tall_grass":2,"minecraft:stone":6,"minecraft:oak_leaves":3}},"DataVersion":3465}